{"schemaVersion":"1.0","appDefinitionTemplate":{"id":"/providers/Microsoft.PowerApps/apps/","type":"Microsoft.PowerApps/apps","tags":{"primaryDeviceWidth":"1136","primaryDeviceHeight":"640","sienaVersion":"20200321T111234Z-3.20023.4.0","deviceCapabilities":"","supportsPortrait":"false","supportsLandscape":"true","primaryFormFactor":"Phone","publisherVersion":"3.20023.4","minimumRequiredApiVersion":"2.2.0","hasComponent":"true","hasUnlockedComponent":"true"},"properties":{"appVersion":"2020-03-21T11:12:34Z","lifeCycleId":"Published","createdByClientVersion":{"major":3,"minor":20023,"build":4,"revision":0,"majorRevision":0,"minorRevision":0},"minClientVersion":{"major":3,"minor":20023,"build":4,"revision":0,"majorRevision":0,"minorRevision":0},"backgroundColor":"rgba(208, 52, 56, 1)","backgroundImageUri":"/6493292978718320620/Nb55b2aae-6bab-4a9a-bb49-40fbca43a895-logoSmallFile","displayName":"YuGiOh Points","description":"","commitMessage":"","appUris":{"documentUri":{"value":"/6493292978718320620/N73bf46da-9a2e-4fd7-9154-8958cad72760-document.msapp","readonlyValue":"/6493292978718320620/N73bf46da-9a2e-4fd7-9154-8958cad72760-document.msapp"},"imageUris":[]},"createdTime":"0001-01-01T00:00:00Z","lastModifiedTime":"0001-01-01T00:00:00Z","sharedGroupsCount":0,"sharedUsersCount":0,"icons":{"smallIconUri":"/6493292978718320620/N31d66e34-e630-47e1-afa6-0f0fadd2a6ce-small.png","mediumIconUri":"/6493292978718320620/N6b158390-2030-4a45-bdbd-b48da7c69e92-medium.png","largeIconUri":"/6493292978718320620/Nbd3ef386-2dfa-427d-aea4-b24fe50920ca-large.png","wideIconUri":"/6493292978718320620/N40ecabb0-d737-4180-9850-5deeb0514ff2-wide.png"},"connectionReferences":{},"databaseReferences":{},"almMode":"Solution","performanceOptimizationEnabled":false,"canConsumeAppPass":true},"isAppComponentLibrary":false,"appComponents":[]}}