{"schemaVersion":"1.0","appDefinitionTemplate":{"id":"/providers/Microsoft.PowerApps/apps/","type":"Microsoft.PowerApps/apps","tags":{"primaryDeviceWidth":"1136","primaryDeviceHeight":"640","sienaVersion":"20200328T103819Z-3.20023.4.0","deviceCapabilities":"","supportsPortrait":"false","supportsLandscape":"true","primaryFormFactor":"Phone","publisherVersion":"3.20023.4","minimumRequiredApiVersion":"2.2.0","hasComponent":"true","hasUnlockedComponent":"true"},"properties":{"appVersion":"2020-03-28T10:38:19Z","lifeCycleId":"Published","createdByClientVersion":{"major":3,"minor":20023,"build":4,"revision":0,"majorRevision":0,"minorRevision":0},"minClientVersion":{"major":3,"minor":20023,"build":4,"revision":0,"majorRevision":0,"minorRevision":0},"backgroundColor":"rgba(208, 52, 56, 1)","backgroundImageUri":"/6493292978718320620/Nb2c3d779-e5cb-41be-9fbf-e81bb832b8f3-logoSmallFile","displayName":"YuGiOh Points","description":"","commitMessage":"","appUris":{"documentUri":{"value":"/6493292978718320620/N3cbc3923-97b0-4287-92d3-a51139637db8-document.msapp","readonlyValue":"/6493292978718320620/N3cbc3923-97b0-4287-92d3-a51139637db8-document.msapp"},"imageUris":[]},"createdTime":"0001-01-01T00:00:00Z","lastModifiedTime":"0001-01-01T00:00:00Z","sharedGroupsCount":0,"sharedUsersCount":0,"icons":{"smallIconUri":"/6493292978718320620/N54e29fc5-5b1f-496f-92d8-f56cc8623549-small.png","mediumIconUri":"/6493292978718320620/Nc6431b01-b43d-4bb0-a9c0-682d0fa4ff04-medium.png","largeIconUri":"/6493292978718320620/N084908ba-8b7c-4305-878d-d5aaee9a7b8b-large.png","wideIconUri":"/6493292978718320620/N4acbeca4-3c2a-4927-9ec1-3729b0cef652-wide.png"},"connectionReferences":{},"databaseReferences":{},"almMode":"Solution","performanceOptimizationEnabled":false,"canConsumeAppPass":true},"isAppComponentLibrary":false,"appType":"ClassicCanvasApp","appComponents":[]}}